City_ID,City,Country,Date,Lat,Lng,Max Temp,Humidity,Cloudiness,Wind Speed
0,Sao Filipe,CV,2021-12-05 21:14:14,14.8961,-24.4956,297.48,72,71,5.34
1,Jishu,CN,2021-12-05 21:14:15,44.3167,126.8,272.86,93,100,4.62
2,Avarua,CK,2021-12-05 21:14:15,-21.2078,-159.775,300.18,89,40,2.57
3,Bambous Virieux,MU,2021-12-05 21:14:15,-20.3428,57.7575,298.83,78,40,3.6
4,Muros,ES,2021-12-05 21:14:15,42.7762,-9.0603,285.5,91,56,3.32
5,Rio Grande,BR,2021-12-05 21:14:16,-32.035,-52.0986,296.21,73,22,5.99
6,Arraial Do Cabo,BR,2021-12-05 21:14:16,-22.9661,-42.0278,298.07,83,0,9.77
7,Mahebourg,MU,2021-12-05 21:14:17,-20.4081,57.7,298.85,78,40,3.6
8,Pevek,RU,2021-12-05 21:14:17,69.7008,170.3133,250.83,97,100,5.58
9,Punta Arenas,CL,2021-12-05 21:09:27,-53.15,-70.9167,286.21,44,40,12.35
10,Vao,NC,2021-12-05 21:14:17,-22.6667,167.4833,296.94,84,100,7.81
11,Carinhanha,BR,2021-12-05 21:14:17,-14.3047,-43.765,297.78,78,16,1.39
12,Bluff,NZ,2021-12-05 21:14:18,-46.6,168.3333,285.26,50,88,5.35
13,Ushuaia,AR,2021-12-05 21:13:30,-54.8,-68.3,280.96,71,75,11.32
14,Oktyabrskiy,RU,2021-12-05 21:14:18,54.4815,53.471,269.63,92,100,1.81
15,Bairiki,KI,2021-12-05 21:14:18,1.3292,172.9752,302.15,70,75,7.72
16,Samarai,PG,2021-12-05 21:14:18,-10.6167,150.6667,300.79,77,99,3.14
17,Hobart,AU,2021-12-05 21:14:19,-42.8794,147.3294,288.77,61,40,1.34
18,Adre,TD,2021-12-05 21:14:10,13.4667,22.2,295.99,23,81,5.85
19,Ayan,RU,2021-12-05 21:14:19,56.45,138.1667,267.48,65,99,1.89
20,Atuona,PF,2021-12-05 21:14:19,-9.8,-139.0333,299.09,73,6,8.32
21,Busselton,AU,2021-12-05 21:14:19,-33.65,115.3333,288.73,75,62,7.03
22,La Ferte-Bernard,FR,2021-12-05 21:14:20,48.1863,0.6536,282.88,78,100,6.51
23,Saint-Philippe,RE,2021-12-05 21:14:20,-21.3585,55.7679,297.9,81,37,4.69
24,Rikitea,PF,2021-12-05 21:13:27,-23.1203,-134.9692,297.68,74,98,3.68
25,Pisco,PE,2021-12-05 21:10:40,-13.7,-76.2167,296.18,68,75,7.72
26,Sistranda,NO,2021-12-05 21:10:42,63.7256,8.834,268.09,69,75,6.74
27,Victoria,HK,2021-12-05 21:11:43,22.2855,114.1577,291.11,65,52,0.89
28,Talnakh,RU,2021-12-05 21:14:20,69.4865,88.3972,244.93,99,100,6.22
29,Mataura,NZ,2021-12-05 21:14:21,-46.1927,168.8643,285.08,59,98,1.98
30,Tiksi,RU,2021-12-05 21:14:21,71.6872,128.8694,247.34,91,100,2.94
31,Hermanus,ZA,2021-12-05 21:14:21,-34.4187,19.2345,289.71,94,100,5.27
32,Nikolskoye,RU,2021-12-05 21:14:21,59.7035,30.7861,255.38,97,9,2.15
33,Codrington,AU,2021-12-05 21:14:22,-38.2667,141.9667,287.0,65,99,2.98
34,Albany,US,2021-12-05 21:14:22,42.6001,-73.9662,277.91,54,96,2.01
35,Kruisfontein,ZA,2021-12-05 21:14:22,-34.0033,24.7314,290.86,87,98,3.56
36,Tuktoyaktuk,CA,2021-12-05 21:14:22,69.4541,-133.0374,245.15,76,40,3.09
37,Tchibanga,GA,2021-12-05 21:14:23,-2.85,11.0333,295.93,98,100,1.32
38,Kushiro,JP,2021-12-05 21:14:23,42.975,144.3747,274.22,59,0,2.8
39,Heishan,CN,2021-12-05 21:14:23,41.6892,122.1128,274.54,55,100,4.91
40,East London,ZA,2021-12-05 21:14:24,-33.0153,27.9116,293.96,97,100,2.19
41,Sitka,US,2021-12-05 21:13:32,57.0531,-135.33,275.09,69,90,5.66
42,Vostok,RU,2021-12-05 21:14:24,46.4856,135.8833,263.57,92,27,2.63
43,Isangel,VU,2021-12-05 21:14:24,-19.55,169.2667,300.26,72,35,4.55
44,Clyde River,CA,2021-12-05 21:14:24,70.4692,-68.5914,261.28,85,100,13.89
45,Yellowknife,CA,2021-12-05 21:09:52,62.456,-114.3525,246.71,88,25,2.67
46,Butaritari,KI,2021-12-05 21:14:25,3.0707,172.7902,300.37,84,100,6.1
47,Georgetown,MY,2021-12-05 21:14:25,5.4112,100.3354,298.65,76,20,4.12
48,Batagay-Alyta,RU,2021-12-05 21:14:25,67.8006,130.4114,243.6,98,100,1.26
49,Cervo,ES,2021-12-05 21:14:26,43.6702,-7.4101,285.35,83,99,6.16
50,Vaini,TO,2021-12-05 21:14:26,-21.2,-175.2,300.24,78,75,5.14
51,Bengkulu,ID,2021-12-05 21:14:26,-3.8004,102.2655,296.97,90,95,3.34
52,Saldanha,ZA,2021-12-05 21:14:26,-33.0117,17.9442,289.2,93,13,7.43
53,Lompoc,US,2021-12-05 21:14:27,34.6391,-120.4579,299.31,51,1,8.23
54,Antalaha,MG,2021-12-05 21:14:27,-14.9003,50.2788,296.48,89,8,2.94
55,Qobustan,AZ,2021-12-05 21:14:27,40.0824,49.412,281.21,46,100,2.11
56,Bathsheba,BB,2021-12-05 21:14:28,13.2167,-59.5167,301.49,65,40,9.26
57,Nanortalik,GL,2021-12-05 21:14:28,60.1432,-45.2371,270.37,88,93,15.23
58,Cockburn Town,TC,2021-12-05 21:14:28,21.4612,-71.1419,300.16,76,48,8.98
59,Cape Town,ZA,2021-12-05 21:14:28,-33.9258,18.4232,289.87,90,75,1.34
60,Luderitz,NA,2021-12-05 21:14:29,-26.6481,15.1594,289.65,86,0,5.22
61,Carutapera,BR,2021-12-05 21:14:29,-1.195,-46.02,300.2,79,12,4.05
62,Hilo,US,2021-12-05 21:10:11,19.7297,-155.09,297.0,93,90,5.14
63,Wanning,CN,2021-12-05 21:14:29,18.8003,110.3967,289.88,73,60,4.08
64,Novobirilyussy,RU,2021-12-05 21:14:30,56.9514,90.6661,272.32,90,100,5.97
65,Kailua,US,2021-12-05 21:14:30,21.4022,-157.7394,297.14,83,49,6.95
66,Taree,AU,2021-12-05 21:14:30,-31.9,152.4667,291.52,80,100,0.31
67,Cidreira,BR,2021-12-05 21:14:30,-30.1811,-50.2056,294.67,86,40,6.73
68,Marsh Harbour,BS,2021-12-05 21:14:31,26.5412,-77.0636,298.65,72,0,6.1
69,Mar Del Plata,AR,2021-12-05 21:14:31,-38.0023,-57.5575,290.86,82,15,6.71
70,Bredasdorp,ZA,2021-12-05 21:14:31,-34.5322,20.0403,289.77,94,100,6.69
71,Arlit,NE,2021-12-05 21:14:31,18.7369,7.3853,294.33,16,2,3.81
72,Thompson,CA,2021-12-05 21:14:32,55.7435,-97.8558,247.24,70,20,5.14
73,Puerto Ayora,EC,2021-12-05 21:14:32,-0.7393,-90.3518,298.13,82,61,4.32
74,Margate,GB,2021-12-05 21:14:32,51.3813,1.3862,279.09,86,97,3.58
75,Khanpur,PK,2021-12-05 21:14:33,28.6453,70.6567,289.32,25,0,1.98
76,Lithakia,GR,2021-12-05 21:14:33,37.7167,20.8333,286.81,77,91,8.18
77,Daltenganj,IN,2021-12-05 21:14:33,24.0333,84.0667,290.6,75,44,0.32
78,Barranca,PE,2021-12-05 21:14:33,-10.75,-77.7667,293.51,78,100,4.7
79,Najran,SA,2021-12-05 21:14:34,17.4924,44.1277,287.51,36,0,0.39
80,Barrow,US,2021-12-05 21:13:30,71.2906,-156.7887,261.16,72,75,9.26
81,Presidencia Roque Saenz Pena,AR,2021-12-05 21:10:40,-26.7852,-60.4388,307.81,27,7,3.65
82,Henties Bay,NA,2021-12-05 21:14:34,-22.116,14.2845,289.18,87,0,3.42
83,Severomorsk,RU,2021-12-05 21:14:34,69.0689,33.4162,259.41,83,15,10.3
84,Qaanaaq,GL,2021-12-05 21:14:35,77.484,-69.3632,267.24,77,100,3.0
85,La Ronge,CA,2021-12-05 21:14:35,55.1001,-105.2842,249.29,58,20,4.12
86,Saint George,US,2021-12-05 21:14:35,37.1041,-113.5841,295.01,26,1,0.0
87,Liverpool,GB,2021-12-05 21:12:15,53.4106,-2.9779,279.13,88,40,2.06
88,Dwarka,IN,2021-12-05 21:14:35,22.2394,68.9678,296.72,52,0,6.26
89,Glenwood Springs,US,2021-12-05 21:14:36,39.5505,-107.3248,286.6,45,1,5.14
90,Chuy,UY,2021-12-05 21:12:56,-33.6971,-53.4616,293.36,75,96,4.28
91,Ribeira Grande,PT,2021-12-05 21:14:36,38.5167,-28.7,291.37,59,40,4.12
92,Polson,US,2021-12-05 21:14:36,47.6936,-114.1632,273.77,53,13,2.68
93,Yantal,RU,2021-12-05 21:14:37,56.8471,105.2542,268.06,95,100,3.48
94,Ronda,ES,2021-12-05 21:13:53,36.7423,-5.1671,283.0,75,7,2.5
95,Amahai,ID,2021-12-05 21:14:37,-3.3333,128.9167,298.97,83,94,1.53
96,Nemuro,JP,2021-12-05 21:14:37,43.3236,145.575,278.15,69,1,5.28
97,Jacobina,BR,2021-12-05 21:14:38,-11.1806,-40.5183,295.19,88,33,1.69
98,Krasnoselkup,RU,2021-12-05 21:14:38,65.7,82.4667,235.52,100,31,1.46
99,Gizo,SB,2021-12-05 21:14:38,-8.103,156.8419,300.99,76,100,1.05
100,Yurla,RU,2021-12-05 21:14:39,59.3259,54.3223,253.24,98,80,2.31
101,Kaitangata,NZ,2021-12-05 21:14:39,-46.2817,169.8464,285.33,56,100,2.84
102,Hobyo,SO,2021-12-05 21:14:39,5.3505,48.5268,299.11,76,11,7.63
103,Colesberg,ZA,2021-12-05 21:14:39,-30.72,25.0972,290.33,40,83,5.23
104,Guerrero Negro,MX,2021-12-05 21:14:40,27.9769,-114.0611,293.8,64,1,6.81
105,Ilulissat,GL,2021-12-05 21:14:40,69.2167,-51.1,272.16,64,75,7.72
106,San Lorenzo,PY,2021-12-05 21:14:40,-25.3333,-57.5333,305.67,46,0,7.72
107,Gorontalo,ID,2021-12-05 21:14:41,0.5412,123.0595,297.2,95,88,1.44
108,Bethel,US,2021-12-05 21:14:41,41.3712,-73.414,280.4,48,1,0.89
109,Pangnirtung,CA,2021-12-05 21:14:41,66.1451,-65.7125,265.15,93,90,7.2
110,Port Elizabeth,ZA,2021-12-05 21:14:41,-33.918,25.5701,292.09,90,100,3.03
111,Geraldton,AU,2021-12-05 21:14:42,-28.7667,114.6,291.0,88,2,3.6
112,Buritis,BR,2021-12-05 21:14:42,-15.6178,-46.4233,298.44,75,60,1.37
113,Klaksvik,FO,2021-12-05 21:14:42,62.2266,-6.589,275.66,61,28,6.29
114,Kahului,US,2021-12-05 21:14:42,20.8947,-156.47,298.69,77,40,2.06
115,Ca Mau,VN,2021-12-05 21:14:43,9.1769,105.15,294.51,84,99,2.39
116,Tieling,CN,2021-12-05 21:14:43,42.2931,123.8414,273.09,88,100,2.0
117,Luwuk,ID,2021-12-05 21:14:43,-0.9516,122.7875,298.09,92,100,2.33
118,Malindi,KE,2021-12-05 21:14:43,-3.2175,40.1191,299.62,78,100,4.45
119,Amapa,BR,2021-12-05 21:14:44,1.0,-52.0,296.86,97,91,1.23
120,Garowe,SO,2021-12-05 21:14:44,8.4054,48.4845,294.36,63,4,5.02
121,Wajima,JP,2021-12-05 21:14:44,37.4,136.9,281.34,78,96,2.96
122,Kupang,ID,2021-12-05 21:14:44,-10.1667,123.5833,299.89,83,100,3.29
123,Cabo San Lucas,MX,2021-12-05 21:12:42,22.8909,-109.9124,301.77,50,40,4.12
124,New Norfolk,AU,2021-12-05 21:13:27,-42.7826,147.0587,288.57,56,63,0.45
125,Petropavlovsk-Kamchatskiy,RU,2021-12-05 21:13:12,53.0452,158.6483,268.48,58,75,3.0
126,Venustiano Carranza,MX,2021-12-05 21:14:45,19.43,-99.0992,296.56,27,20,2.68
127,Tokonou,GN,2021-12-05 21:14:45,9.65,-9.7833,296.73,27,9,1.54
128,La Baule-Escoublac,FR,2021-12-05 21:14:45,47.2922,-2.364,282.04,83,75,4.63
129,Zhenjiang,CN,2021-12-05 21:12:09,32.2092,119.4342,279.15,90,0,2.23
130,Port Alfred,ZA,2021-12-05 21:14:46,-33.5906,26.891,293.73,95,100,7.0
131,Poum,NC,2021-12-05 21:14:46,-20.2333,164.0167,300.16,76,11,5.91
132,Lukovetskiy,RU,2021-12-05 21:14:46,64.2956,41.9211,259.14,92,8,1.85
133,Fereydun Kenar,IR,2021-12-05 21:14:47,36.6864,52.5225,287.82,50,10,0.93
134,Baculin,PH,2021-12-05 21:14:47,7.4525,126.5842,298.54,81,99,4.2
135,Bowen,AU,2021-12-05 21:14:47,-20.0167,148.2333,300.6,62,19,7.09
136,Tabuk,PH,2021-12-05 21:14:47,17.4189,121.4443,291.89,92,96,1.04
137,Yenagoa,NG,2021-12-05 21:14:48,4.9247,6.2642,298.91,88,100,2.17
138,Savalou,BJ,2021-12-05 21:14:48,7.9281,1.9756,302.63,19,88,0.95
139,San Cristobal,VE,2021-12-05 21:14:48,7.7669,-72.225,299.25,47,76,2.29
140,Auki,SB,2021-12-05 21:14:49,-8.7676,160.7034,300.33,84,96,3.73
141,Kawalu,ID,2021-12-05 21:14:49,-7.3817,108.2082,296.21,92,100,0.75
142,Bo Phloi,TH,2021-12-05 21:14:49,14.3236,99.5161,289.12,67,99,1.76
143,Tabriz,IR,2021-12-05 21:11:44,38.08,46.2919,274.85,75,75,2.06
144,Kavieng,PG,2021-12-05 21:14:49,-2.5744,150.7967,301.19,80,95,3.19
145,Lgov,RU,2021-12-05 21:14:50,51.6307,35.2775,271.25,70,100,2.69
146,Ono,JP,2021-12-05 21:14:50,34.85,134.9333,282.67,66,95,1.12
147,Bondowoso,ID,2021-12-05 21:14:50,-7.9135,113.8214,296.44,93,100,2.61
148,Iqaluit,CA,2021-12-05 21:14:51,63.7506,-68.5145,261.0,66,90,8.05
149,Airai,TL,2021-12-05 21:11:44,-8.9266,125.4092,289.35,93,100,0.15
150,Broken Hill,AU,2021-12-05 21:14:51,-31.95,141.4333,295.77,22,58,4.55
151,Nishihara,JP,2021-12-05 21:14:51,26.1842,127.7558,292.75,65,40,5.14
152,Severo-Kurilsk,RU,2021-12-05 21:14:51,50.6789,156.125,272.87,72,94,8.79
153,Kulhudhuffushi,MV,2021-12-05 21:14:52,6.6221,73.07,300.18,77,50,3.46
154,Aviles,ES,2021-12-05 21:13:53,43.5547,-5.9248,284.69,87,75,3.58
155,Saint-Leu,RE,2021-12-05 21:14:52,-21.15,55.2833,297.61,79,27,1.77
156,Jamestown,US,2021-12-05 21:13:22,42.097,-79.2353,279.43,49,90,4.47
157,Kapaa,US,2021-12-05 21:14:52,22.0752,-159.319,299.33,72,1,1.79
158,Birigui,BR,2021-12-05 21:14:53,-21.2886,-50.34,301.75,58,62,3.11
159,Carnarvon,AU,2021-12-05 21:14:53,-24.8667,113.6333,296.19,73,0,7.72
160,Cachoeiras De Macacu,BR,2021-12-05 21:14:53,-22.4625,-42.6531,298.86,95,76,1.15
161,Hithadhoo,MV,2021-12-05 21:14:53,-0.6,73.0833,300.43,79,100,6.12
162,Ajdabiya,LY,2021-12-05 21:14:54,30.7554,20.2263,288.36,46,0,4.46
163,Sisimiut,GL,2021-12-05 21:14:54,66.9395,-53.6735,270.42,71,100,9.04
164,Sorland,NO,2021-12-05 21:14:54,67.667,12.6934,269.19,69,96,4.42
165,Rovaniemi,FI,2021-12-05 21:14:54,66.5,25.7167,249.82,84,90,2.57
166,Pyatnitskoye,RU,2021-12-05 21:14:55,50.4233,37.8273,271.55,69,100,2.51
167,Esperance,AU,2021-12-05 21:14:55,-33.8667,121.9,289.67,73,79,5.66
168,Itoman,JP,2021-12-05 21:14:55,26.1247,127.6694,293.16,62,20,3.6
169,Souillac,MU,2021-12-05 21:14:56,-20.5167,57.5167,298.91,78,40,3.6
170,Atasu,KZ,2021-12-05 21:14:56,48.6814,71.6433,273.48,95,100,2.3
171,Bac,RS,2021-12-05 21:14:56,45.3919,19.2367,278.11,97,100,2.26
172,Wormeldange,LU,2021-12-05 21:14:56,49.6083,6.4058,277.23,100,75,1.54
173,Lufilufi,WS,2021-12-05 21:14:57,-13.8745,-171.5986,303.03,76,23,3.25
174,Ancud,CL,2021-12-05 21:11:48,-41.8697,-73.8203,297.89,61,40,3.14
175,Odesskoye,RU,2021-12-05 21:14:57,54.2111,72.9651,266.65,90,72,3.48
176,Calama,CL,2021-12-05 21:14:07,-22.4667,-68.9333,298.42,12,20,14.4
177,Luneburg,DE,2021-12-05 21:14:57,53.25,10.4,274.63,96,100,2.72
178,Ambilobe,MG,2021-12-05 21:14:57,-13.2,49.05,297.89,70,3,1.97
179,Murdochville,CA,2021-12-05 21:14:58,48.9583,-65.5006,262.64,75,98,4.16
180,Te Anau,NZ,2021-12-05 21:14:58,-45.4167,167.7167,282.32,72,70,2.45
181,Saint-Augustin,CA,2021-12-05 21:14:58,51.226,-58.6502,268.02,60,100,3.15
182,Aksarka,RU,2021-12-05 21:14:58,66.5606,67.7975,244.76,94,27,6.28
183,Lasa,IT,2021-12-05 21:14:59,46.6166,10.7002,271.64,93,97,2.3
184,Nicoya,CR,2021-12-05 21:14:59,10.1483,-85.452,302.9,67,43,4.24
185,Sovetskiy,RU,2021-12-05 21:14:59,61.3614,63.5842,253.03,97,98,1.44
186,Sioux Lookout,CA,2021-12-05 21:15:00,50.1001,-91.917,267.36,86,90,1.54
187,Albufeira,PT,2021-12-05 21:15:00,37.0882,-8.2503,286.06,70,0,4.94
188,Ponta Delgada,PT,2021-12-05 21:15:00,37.7333,-25.6667,291.21,63,75,2.57
189,Fuxin,CN,2021-12-05 21:15:00,42.0156,121.6589,272.04,71,100,3.46
190,Castro,BR,2021-12-05 21:15:01,-24.7911,-50.0119,291.8,84,94,1.2
191,Mlonggo,ID,2021-12-05 21:15:01,-6.5333,110.7,298.09,81,100,5.87
192,Korla,CN,2021-12-05 21:15:01,41.7597,86.1469,271.95,47,100,1.02
193,Sonqor,IR,2021-12-05 21:15:02,34.7837,47.6004,277.6,32,1,0.89
194,Sabha,LY,2021-12-05 21:15:02,27.0377,14.4283,284.8,29,1,3.51
195,Kodiak,US,2021-12-05 21:15:02,57.79,-152.4072,271.88,93,90,2.57
196,Dikson,RU,2021-12-05 21:15:02,73.5069,80.5464,255.02,94,100,3.95
197,Abha,SA,2021-12-05 21:15:03,18.2164,42.5053,286.05,71,0,0.0
198,Santa Cruz De La Palma,ES,2021-12-05 21:15:03,28.6835,-17.7642,293.23,60,75,5.14
199,Sao Joao Da Barra,BR,2021-12-05 21:15:03,-21.6403,-41.0511,299.2,82,7,6.43
200,Cherskiy,RU,2021-12-05 21:15:04,68.75,161.3,229.06,100,84,2.16
201,Zheleznodorozhnyy,RU,2021-12-05 21:15:04,55.7503,38.0042,271.27,98,95,1.15
202,Verkhnevilyuysk,RU,2021-12-05 21:15:04,63.4453,120.3167,240.8,90,30,3.14
203,Matagami,CA,2021-12-05 21:15:04,49.7502,-77.6328,260.21,78,90,3.09
204,Shakhtinsk,KZ,2021-12-05 21:15:05,49.71,72.5872,272.46,94,100,3.0
205,Taoudenni,ML,2021-12-05 21:15:05,22.6783,-3.9836,291.02,19,100,4.44
206,Nageshwari,BD,2021-12-05 21:15:05,25.9377,89.7148,294.18,75,100,1.1
207,Alta Gracia,AR,2021-12-05 21:15:06,-31.6529,-64.4283,294.58,59,100,0.82
208,Darnah,LY,2021-12-05 21:15:06,32.767,22.6367,289.89,67,6,4.05
209,Thinadhoo,MV,2021-12-05 21:15:06,0.5333,72.9333,300.85,80,100,8.34
210,Kanel,SN,2021-12-05 21:15:06,15.4916,-13.1763,302.45,12,100,4.92
211,Faanui,PF,2021-12-05 21:15:07,-16.4833,-151.75,300.59,67,35,8.35
212,Haines Junction,CA,2021-12-05 21:15:07,60.7522,-137.5108,254.07,98,100,0.68
213,Yar-Sale,RU,2021-12-05 21:15:07,66.8333,70.8333,246.3,93,15,6.53
214,Santa Cruz,BO,2021-12-05 21:10:32,-17.8,-63.1667,300.85,65,75,6.17
215,Victor Harbor,AU,2021-12-05 21:15:07,-35.5667,138.6167,292.99,93,64,0.06
216,Vila Velha,BR,2021-12-05 21:15:08,-20.3297,-40.2925,299.12,85,75,3.58
217,Touros,BR,2021-12-05 21:15:08,-5.1989,-35.4608,301.65,78,84,6.9
218,Kautokeino,NO,2021-12-05 21:15:08,69.0125,23.0412,241.82,100,99,2.03
219,Dabakala,CI,2021-12-05 21:15:08,8.3667,-4.4333,300.83,26,28,1.03
220,Mardin,TR,2021-12-05 21:15:09,37.3131,40.7436,277.21,38,49,1.81
221,Lyuban,BY,2021-12-05 21:15:09,52.7985,28.0048,271.74,86,100,2.19
222,Kuytun,RU,2021-12-05 21:15:09,54.3419,101.5036,260.95,93,92,2.34
223,Tasiilaq,GL,2021-12-05 21:15:09,65.6145,-37.6368,272.12,92,98,13.27
224,Adrar,MR,2021-12-05 21:15:10,20.5022,-10.0711,290.71,12,100,4.61
225,Keuruu,FI,2021-12-05 21:15:10,62.2667,24.7,254.12,94,14,2.08
226,Arman,RU,2021-12-05 21:15:10,59.7,150.1667,246.94,94,32,3.0
227,Provideniya,RU,2021-12-05 21:13:02,64.3833,-173.3,272.24,100,90,11.0
228,Cayambe,EC,2021-12-05 21:15:11,0.05,-78.1333,288.74,68,99,0.58
229,Manaia,NZ,2021-12-05 21:15:11,-39.55,174.1333,292.48,86,100,4.91
230,Lamar,US,2021-12-05 21:15:11,33.6668,-95.5836,297.24,69,75,8.23
231,Imola,IT,2021-12-05 21:15:11,44.3523,11.7158,277.81,88,67,1.09
232,Faya,SA,2021-12-05 21:15:12,18.3851,42.4509,286.21,70,0,1.03
233,Chokurdakh,RU,2021-12-05 21:15:12,70.6333,147.9167,232.13,100,60,2.66
234,Ginir,ET,2021-12-05 21:10:15,7.1333,40.7,285.88,40,12,2.69
235,Ko Samui,TH,2021-12-05 21:15:12,9.5357,99.9357,299.06,67,84,6.06
236,Cururupu,BR,2021-12-05 21:15:13,-1.8283,-44.8683,299.72,79,24,2.23
237,Mastic Beach,US,2021-12-05 21:15:13,40.7668,-72.8521,281.81,53,1,0.89
238,Boden,SE,2021-12-05 21:15:13,65.8252,21.6886,253.15,100,66,1.07
239,Castelldefels,ES,2021-12-05 21:15:13,41.2779,1.9703,283.18,52,0,4.47
240,Bukoba,TZ,2021-12-05 21:15:14,-1.3317,31.8122,293.22,72,72,1.71
241,Hanzhong,CN,2021-12-05 21:15:14,33.0728,107.0303,279.65,66,0,0.51
242,Ambon,ID,2021-12-05 21:15:14,-3.6954,128.1814,298.23,88,75,3.09
243,Nuuk,GL,2021-12-05 21:15:14,64.1835,-51.7216,270.49,74,75,9.26
244,Ekhabi,RU,2021-12-05 21:15:15,53.5102,142.9671,259.39,94,86,2.79
245,Severnyy,RU,2021-12-05 21:15:15,50.677,36.5532,268.17,100,75,1.0
246,Vanavara,RU,2021-12-05 21:15:15,60.34,102.2797,256.94,97,100,1.16
247,Mount Isa,AU,2021-12-05 21:10:52,-20.7333,139.5,297.02,69,99,5.66
248,Kaset Sombun,TH,2021-12-05 21:15:16,16.2805,101.9542,287.74,63,85,1.28
249,Altay,CN,2021-12-05 21:15:16,47.8667,88.1167,273.44,59,100,2.62
250,Havre-Saint-Pierre,CA,2021-12-05 21:15:16,50.2334,-63.5986,269.15,58,1,7.2
251,Guasdualito,VE,2021-12-05 21:15:16,7.2424,-70.7324,305.15,58,89,2.06
252,Hyeres,FR,2021-12-05 21:15:17,43.1167,6.1167,282.01,44,0,10.29
253,Manokwari,ID,2021-12-05 21:15:17,-0.8667,134.0833,298.93,81,100,2.07
254,Mozelos,PT,2021-12-05 21:15:17,41.8677,-8.3978,283.94,97,78,1.23
255,Jinchang,CN,2021-12-05 21:15:17,38.4953,102.1739,271.5,41,52,2.84
256,Khatanga,RU,2021-12-05 21:15:18,71.9667,102.5,246.14,96,100,4.27
257,Comodoro Rivadavia,AR,2021-12-05 21:12:37,-45.8667,-67.5,294.07,37,20,10.8
258,Portland,US,2021-12-05 21:08:48,45.5234,-122.6762,281.9,82,75,0.45
259,Ribeirao Branco,BR,2021-12-05 21:15:18,-24.2208,-48.7656,292.98,76,100,1.73
260,San Jose,US,2021-12-05 21:13:21,37.3394,-121.895,294.58,63,40,2.06
261,Gusau,NG,2021-12-05 21:15:18,12.1628,6.6614,297.65,23,25,3.7
262,Gat,IL,2021-12-05 21:15:19,31.61,34.7642,289.48,100,4,3.04
263,Kieta,PG,2021-12-05 21:15:19,-6.2167,155.6333,300.31,81,100,1.08
264,Gigmoto,PH,2021-12-05 21:15:19,13.7796,124.39,297.73,82,100,5.86
265,Karimganj,IN,2021-12-05 21:15:19,24.8667,92.35,293.67,86,100,1.17
266,Svodna,BA,2021-12-05 21:15:20,45.0372,16.5383,277.05,96,100,1.03
267,Saint Helens,GB,2021-12-05 21:15:20,53.45,-2.7333,279.01,88,40,2.06
268,Servia,GR,2021-12-05 21:15:20,40.1797,21.9944,281.7,81,44,1.54
269,San Patricio,US,2021-12-05 21:15:20,28.017,-97.5169,302.2,65,100,7.39
270,Port Shepstone,ZA,2021-12-05 21:15:21,-30.7414,30.455,296.31,92,100,2.16
271,Porto Walter,BR,2021-12-05 21:11:15,-8.2686,-72.7439,296.76,97,100,1.19
272,Meulaboh,ID,2021-12-05 21:15:21,4.1363,96.1285,297.65,87,96,1.72
273,Turukhansk,RU,2021-12-05 21:15:21,65.8167,87.9833,234.48,100,20,1.98
274,Staroutkinsk,RU,2021-12-05 21:15:22,57.2302,59.3348,267.07,94,100,3.18
275,Tezu,IN,2021-12-05 21:15:22,27.9167,96.1667,291.7,59,100,1.34
276,Ondangwa,NA,2021-12-05 21:15:22,-17.9167,15.95,301.08,35,59,2.87
277,Timra,SE,2021-12-05 21:15:22,62.487,17.3257,263.53,75,90,4.12
278,Jining,CN,2021-12-05 21:15:23,35.405,116.5814,277.5,57,38,2.65
279,Vanimo,PG,2021-12-05 21:15:23,-2.6741,141.3028,299.55,82,94,3.03
280,Shache,CN,2021-12-05 21:15:23,38.4167,77.2406,271.58,34,100,0.75
281,Saint-Pierre,RE,2021-12-05 21:15:24,-21.3393,55.4781,297.95,77,0,2.06
282,The Valley,AI,2021-12-05 21:13:27,18.217,-63.0578,301.23,61,20,6.17
283,Ahipara,NZ,2021-12-05 21:15:24,-35.1667,173.1667,295.53,74,51,4.4
284,Camacha,PT,2021-12-05 21:15:21,33.0833,-16.3333,290.57,63,40,5.66
285,Pavlodar,KZ,2021-12-05 21:14:47,52.3,76.95,267.04,93,0,3.0
286,Andreapol,RU,2021-12-05 21:15:24,56.6513,32.2664,264.46,94,99,2.89
287,Sur,OM,2021-12-05 21:15:25,22.5667,59.5289,296.05,71,0,2.47
288,Pringsewu,ID,2021-12-05 21:15:25,-5.3582,104.9744,295.62,97,100,0.31
289,Wamba,NG,2021-12-05 21:15:25,8.9333,8.6,299.57,28,85,1.97
290,Grand Gaube,MU,2021-12-05 21:15:25,-20.0064,57.6608,298.92,67,8,2.24
291,Sheridan,US,2021-12-05 21:15:26,44.8333,-106.9173,270.25,67,90,2.24
292,Lebu,CL,2021-12-05 21:15:26,-37.6167,-73.65,291.06,66,0,6.15
293,Kavaratti,IN,2021-12-05 21:15:26,10.5669,72.642,300.29,73,47,5.14
294,Garoua,CM,2021-12-05 21:15:27,9.3,13.4,301.77,22,79,1.99
295,Fayaoue,NC,2021-12-05 21:15:27,-20.65,166.5333,300.36,69,38,3.19
296,North Bend,US,2021-12-05 21:15:27,43.4065,-124.2243,285.46,86,1,2.06
297,Wangaratta,AU,2021-12-05 21:15:27,-36.3667,146.3333,290.87,65,72,2.06
298,Lorengau,PG,2021-12-05 21:15:28,-2.0226,147.2712,302.02,79,55,6.92
299,Nelson Bay,AU,2021-12-05 21:15:28,-32.7167,152.15,293.77,66,100,0.45
300,Tuatapere,NZ,2021-12-05 21:10:33,-46.1333,167.6833,284.72,63,97,2.58
301,Luanda,AO,2021-12-05 21:15:09,-8.8368,13.2343,298.98,84,81,4.37
302,Rocha,UY,2021-12-05 21:15:28,-34.4833,-54.3333,291.24,93,91,3.65
303,Tervel,BG,2021-12-05 21:15:29,43.75,27.4,282.72,94,38,5.05
304,Fortuna,US,2021-12-05 21:15:29,40.5982,-124.1573,286.11,94,90,0.89
305,Rundu,NA,2021-12-05 21:15:29,-17.9333,19.7667,293.71,77,97,4.1
306,Tura,IN,2021-12-05 21:15:29,25.5198,90.2201,291.81,83,100,0.38
307,Hambantota,LK,2021-12-05 21:15:30,6.1241,81.1185,298.22,89,9,2.79
308,Bograd,RU,2021-12-05 21:15:30,54.2344,90.8328,261.01,90,90,1.56
309,Kyra,RU,2021-12-05 21:15:30,49.5776,111.9753,260.36,90,18,1.22
310,Tecpan,GT,2021-12-05 21:15:31,14.7623,-90.9947,295.57,51,17,2.81
311,Richards Bay,ZA,2021-12-05 21:15:31,-28.783,32.0377,298.08,78,93,7.19
312,Boddam,GB,2021-12-05 21:15:31,57.4667,-1.7833,274.88,68,23,3.1
313,Hami,CN,2021-12-05 21:15:31,42.8,93.45,272.6,47,99,2.37
314,Kirakira,SB,2021-12-05 21:15:32,-10.4544,161.9205,300.82,83,99,2.81
315,Luau,AO,2021-12-05 21:15:25,-10.7073,22.2247,291.78,88,47,1.02
316,Roald,NO,2021-12-05 21:15:32,62.5833,6.1333,275.56,69,40,7.2
317,Albanel,CA,2021-12-05 21:15:32,48.8832,-72.4487,261.23,66,99,2.06
318,San Juan,AR,2021-12-05 21:15:32,-31.5375,-68.5364,303.18,31,5,4.48
319,Cizre,TR,2021-12-05 21:15:33,37.3272,42.1903,284.99,32,84,0.52
320,Key Largo,US,2021-12-05 21:15:33,25.0865,-80.4473,300.38,61,51,3.0
321,Laguna,US,2021-12-05 21:15:33,38.421,-121.4238,295.73,82,90,0.0
322,Coquimbo,CL,2021-12-05 21:15:34,-29.9533,-71.3436,290.0,77,40,5.14
323,Pilar,BR,2021-12-05 21:15:34,-9.5972,-35.9567,297.11,86,66,3.24
324,Ararat,AM,2021-12-05 21:15:34,39.8317,44.7049,270.34,41,94,2.32
325,Qui Nhon,VN,2021-12-05 21:15:29,13.7667,109.2333,293.76,93,100,5.04
326,Esperantinopolis,BR,2021-12-05 21:15:34,-4.8667,-44.7083,299.52,83,48,0.67
327,Tilichiki,RU,2021-12-05 21:15:35,60.4667,166.1,254.42,97,93,1.44
328,Walvis Bay,NA,2021-12-05 21:15:35,-22.9575,14.5053,290.68,63,0,3.09
329,Soyo,AO,2021-12-05 21:15:35,-6.1349,12.3689,299.4,85,94,3.35
330,Chernyshevskiy,RU,2021-12-05 21:15:36,63.0128,112.4714,234.86,100,22,1.38
331,Kumanovo,MK,2021-12-05 21:15:36,42.1322,21.7144,282.14,89,66,3.5
332,Norman Wells,CA,2021-12-05 21:15:36,65.282,-126.8329,248.58,80,54,2.18
333,Andros Town,BS,2021-12-05 21:15:14,24.7,-77.7667,300.13,74,9,4.48
334,Aksu,CN,2021-12-05 21:15:36,41.1231,80.2644,271.77,47,100,1.28
335,Los Llanos De Aridane,ES,2021-12-05 21:15:37,28.6585,-17.9182,291.01,73,75,7.6
336,Bacolod,PH,2021-12-05 21:15:37,10.6667,122.95,297.19,85,83,4.77
337,Buga,CO,2021-12-05 21:15:37,3.9009,-76.2978,300.99,81,100,1.1
338,Pangkalanbuun,ID,2021-12-05 21:15:37,-2.6833,111.6167,296.38,98,100,1.19
339,Yhu,PY,2021-12-05 21:15:38,-25.05,-55.9167,305.64,39,27,2.76
340,Lavrentiya,RU,2021-12-05 21:15:38,65.5833,-171.0,271.95,98,100,4.36
341,Sibolga,ID,2021-12-05 21:11:50,1.7427,98.7792,297.11,88,94,1.75
342,Jabinyanah,TN,2021-12-05 21:15:38,35.035,10.9081,284.04,62,5,6.96
343,Tukrah,LY,2021-12-05 21:15:39,32.5341,20.5791,291.01,67,55,6.93
344,Manavalakurichi,IN,2021-12-05 21:15:39,8.1333,77.3,299.2,87,76,3.81
345,Lumphat,KH,2021-12-05 21:15:39,13.4878,106.9816,290.73,93,88,1.68
346,George Town,MY,2021-12-05 21:15:11,5.4112,100.3354,298.65,79,20,2.57
347,Takoradi,GH,2021-12-05 21:15:40,4.8845,-1.7554,300.35,83,67,4.76
348,Belmonte,BR,2021-12-05 21:15:40,-15.8631,-38.8828,299.43,81,0,2.57
349,Sompeta,IN,2021-12-05 21:15:40,18.9333,84.6,296.39,89,100,1.6
350,Tank,PK,2021-12-05 21:15:41,32.2217,70.3793,288.25,47,6,1.13
351,Umm Lajj,SA,2021-12-05 21:15:41,25.0213,37.2685,297.51,75,9,4.65
352,Broome,US,2021-12-05 21:15:41,42.2506,-75.833,278.8,58,20,0.89
353,Redmond,US,2021-12-05 21:15:41,47.674,-122.1215,280.11,88,96,0.45
354,Vredendal,ZA,2021-12-05 21:15:42,-31.6683,18.5012,290.81,79,25,3.72
355,Kloulklubed,PW,2021-12-05 21:15:42,7.0419,134.2556,297.43,76,100,4.2
356,Impfondo,CG,2021-12-05 21:15:42,1.6381,18.0667,295.89,92,99,0.76
357,High Level,CA,2021-12-05 21:15:42,58.5169,-117.136,246.21,83,1,0.0
358,Galdar,ES,2021-12-05 21:15:43,28.147,-15.6502,291.43,73,34,8.06
359,Nauta,PE,2021-12-05 21:15:43,-4.5061,-73.5757,298.51,95,92,1.62
360,Kendari,ID,2021-12-05 21:15:44,-3.945,122.4989,297.0,94,100,0.28
361,Srednekolymsk,RU,2021-12-05 21:15:44,67.45,153.6833,228.22,100,71,2.14
362,Suntar,RU,2021-12-05 21:15:44,62.1444,117.6319,244.2,96,72,2.14
363,Ossora,RU,2021-12-05 21:15:44,59.2353,163.0719,262.16,80,95,4.24
364,Artyom,AZ,2021-12-05 21:15:45,40.4723,50.333,281.23,72,100,5.98
365,Altamira,BR,2021-12-05 21:15:45,-3.2033,-52.2064,304.2,70,40,1.03
366,Okhotsk,RU,2021-12-05 21:15:45,59.3833,143.3,247.73,88,19,4.13
367,De-Kastri,RU,2021-12-05 21:15:46,51.4667,140.7833,262.87,85,95,2.11
368,Yuanping,CN,2021-12-05 21:15:46,38.7153,112.7575,273.63,41,0,2.59
369,Torbay,CA,2021-12-05 21:15:46,47.6666,-52.7314,274.41,68,75,4.12
370,Narsaq,GL,2021-12-05 21:15:47,60.9167,-46.05,270.27,90,100,7.25
371,Russell,US,2021-12-05 21:15:47,32.3502,-85.1999,295.93,57,1,0.0
372,Saint-Louis,SN,2021-12-05 21:11:30,16.3333,-15.0,302.89,11,100,4.26
373,Upernavik,GL,2021-12-05 21:15:48,72.7868,-56.1549,270.67,72,100,0.95
374,Atikokan,CA,2021-12-05 21:15:48,48.7555,-91.6216,268.41,93,100,4.57
375,Ostrovnoy,RU,2021-12-05 21:15:48,68.0531,39.5131,260.01,74,85,9.6
376,Batemans Bay,AU,2021-12-05 21:15:49,-35.7167,150.1833,291.04,62,99,1.36
377,Shimoda,JP,2021-12-05 21:15:49,34.6667,138.95,282.1,83,100,6.79
378,Inhambane,MZ,2021-12-05 21:15:49,-23.865,35.3833,299.01,80,0,6.29
379,Beringovskiy,RU,2021-12-05 21:12:59,63.05,179.3167,259.51,81,100,17.24
380,Aklavik,CA,2021-12-05 21:15:50,68.2191,-135.0107,249.61,84,3,3.44
381,Parakai,NZ,2021-12-05 21:15:50,-36.65,174.4333,296.53,61,54,3.28
382,Bandarbeyla,SO,2021-12-05 21:15:50,9.4942,50.8122,298.12,63,5,8.01
383,Lata,PT,2021-12-05 21:15:50,40.1629,-8.3327,285.27,93,44,1.68
384,Ledyard,US,2021-12-05 21:15:51,41.4398,-72.0142,279.88,49,1,2.57
385,Kununurra,AU,2021-12-05 21:11:16,-15.7667,128.7333,297.14,94,99,2.57
386,Nakamura,JP,2021-12-05 21:15:51,32.9833,132.9333,281.55,88,100,1.33
387,Tarija,BO,2021-12-05 21:15:51,-21.5355,-64.7296,293.1,73,75,3.09
388,Pietarsaari,FI,2021-12-05 21:15:51,63.65,22.6833,259.2,92,6,2.27
389,Tessalit,ML,2021-12-05 21:11:54,20.1986,1.0114,294.18,15,86,4.37
390,Hatillo,PR,2021-12-05 21:15:52,18.4863,-66.8254,303.07,80,26,3.58
391,Mehndawal,IN,2021-12-05 21:15:52,26.9753,83.1117,292.92,67,5,1.92
392,Port Hardy,CA,2021-12-05 21:15:39,50.6996,-127.4199,276.15,93,75,2.57
393,Hanmer Springs,NZ,2021-12-05 21:15:52,-42.5167,172.8167,280.99,97,100,1.63
394,Dajal,PK,2021-12-05 21:15:53,29.5577,70.3762,289.56,28,0,3.38
395,Bay City,US,2021-12-05 21:15:53,43.5945,-83.8889,274.58,92,90,2.68
396,Minsk,BY,2021-12-05 21:15:53,53.9,27.5667,269.01,96,100,1.91
397,Neyshabur,IR,2021-12-05 21:15:54,36.2133,58.7958,279.38,39,41,0.53
398,Kingston,JM,2021-12-05 21:15:38,17.997,-76.7936,302.68,72,20,2.24
399,Kosh-Agach,RU,2021-12-05 21:15:54,50.0,88.6667,260.71,57,100,0.67
400,Mahajanga,MG,2021-12-05 21:15:54,-15.7167,46.3167,301.64,68,50,1.27
401,Saint Anthony,US,2021-12-05 21:15:55,45.0205,-93.218,277.67,69,90,1.34
402,Carrollton,US,2021-12-05 21:15:55,32.9537,-96.8903,298.55,65,75,1.34
403,Tateyama,JP,2021-12-05 21:15:55,34.9833,139.8667,281.49,74,100,4.74
404,Alofi,NU,2021-12-05 21:15:56,-19.0595,-169.9187,301.09,78,88,7.72
405,Xam Nua,LA,2021-12-05 21:15:56,20.4197,104.0439,281.76,81,99,0.68
406,Ferme-Neuve,CA,2021-12-05 21:15:56,46.7001,-75.4493,266.03,54,100,0.63
407,Phan Thiet,VN,2021-12-05 21:15:47,10.9333,108.1,294.89,89,88,1.67
408,Behbahan,IR,2021-12-05 21:15:57,30.5959,50.2417,284.77,34,85,2.18
409,Miandrivazo,MG,2021-12-05 21:15:57,-19.5167,45.4667,302.61,52,76,1.14
410,Svetlyy,RU,2021-12-05 21:15:57,54.675,20.1347,271.18,93,100,6.45
411,Progreso,MX,2021-12-05 21:15:58,21.2833,-89.6667,304.21,54,0,5.47
412,Hasaki,JP,2021-12-05 21:15:58,35.7333,140.8333,280.53,64,100,5.79
413,Emmauss,RU,2021-12-05 21:15:58,56.7805,36.115,262.01,94,100,3.34
414,Lagoa,PT,2021-12-05 21:15:59,39.05,-27.9833,290.49,75,73,5.18
415,Belyy Yar,RU,2021-12-05 21:15:59,53.6039,91.3903,262.09,79,73,2.0
416,Jardim,BR,2021-12-05 21:15:59,-21.4803,-56.1381,305.75,30,96,2.56
417,Tautira,PF,2021-12-05 21:16:00,-17.7333,-149.15,303.16,73,69,7.55
418,Uray,RU,2021-12-05 21:16:00,60.1247,64.7758,247.17,100,55,1.27
419,Khilok,RU,2021-12-05 21:16:00,51.3674,110.4676,262.13,91,19,1.6
420,Tambun,ID,2021-12-05 21:16:00,-6.2641,107.0712,299.28,94,40,0.0
421,Mchinji,MW,2021-12-05 21:16:01,-13.7984,32.8802,296.27,49,1,4.33
422,Desaguadero,PE,2021-12-05 21:16:01,-16.5656,-69.0417,285.52,56,100,5.75
423,Romny,UA,2021-12-05 21:16:01,50.751,33.4747,271.95,69,100,3.24
424,Pacific Grove,US,2021-12-05 21:13:00,36.6177,-121.9166,296.65,75,40,1.34
425,La Plata,AR,2021-12-05 21:11:31,-34.9215,-57.9545,297.1,81,47,4.03
426,Mana,GF,2021-12-05 21:16:02,5.6592,-53.7767,298.58,89,100,3.82
427,Constitucion,CL,2021-12-05 21:16:03,-35.3333,-72.4167,293.15,58,5,2.45
428,Boyolangu,ID,2021-12-05 21:16:03,-8.1181,111.8935,297.59,89,100,1.76
429,Araouane,ML,2021-12-05 21:16:03,18.9048,-3.5265,291.78,13,56,4.86
430,Hirara,JP,2021-12-05 21:16:04,24.8,125.2833,294.32,69,36,8.36
431,Smithers,CA,2021-12-05 21:15:44,54.7804,-127.1743,264.33,86,90,0.0
432,Ambulu,ID,2021-12-05 21:16:04,-8.345,113.6058,297.88,91,100,1.8
433,Coihaique,CL,2021-12-05 21:16:05,-45.5752,-72.0662,294.49,46,75,3.09
434,Hofn,IS,2021-12-05 21:16:05,64.2539,-15.2082,278.71,83,100,13.96
435,Moose Factory,CA,2021-12-05 21:16:05,51.2585,-80.6094,261.15,79,1,2.06
436,Doraha,IN,2021-12-05 21:16:06,30.8167,76.0167,287.68,75,0,1.77
437,Golden,US,2021-12-05 21:11:57,39.7555,-105.2211,291.86,13,97,4.02
438,Fort Frances,CA,2021-12-05 21:13:23,48.5999,-93.4003,269.27,59,90,2.68
439,Akyab,MM,2021-12-05 21:16:06,20.15,92.9,297.89,80,13,1.83
440,Fukumitsu,JP,2021-12-05 21:16:06,36.55,136.8667,277.56,87,97,0.67
441,Sai Buri,TH,2021-12-05 21:16:07,6.7013,101.6168,296.41,79,82,1.05
442,Mitsamiouli,KM,2021-12-05 21:16:07,-11.3847,43.2844,300.47,77,28,4.76
443,Tashara,RU,2021-12-05 21:16:07,55.5195,83.5094,271.61,92,92,5.57
444,Hamilton,US,2021-12-05 21:15:29,39.1834,-84.5333,289.81,63,20,0.45
445,Nicolas Bravo,MX,2021-12-05 21:16:08,18.45,-88.9167,301.64,47,5,2.05
446,Gunjur,GM,2021-12-05 21:16:08,13.2019,-16.7339,297.19,78,100,2.57
447,Karaton,ID,2021-12-05 21:16:08,-6.3424,106.1045,297.24,92,100,0.79
448,Saint-Georges,GD,2021-12-05 21:15:55,12.0564,-61.7485,299.97,83,75,7.72
449,Abu Zabad,SD,2021-12-05 21:16:09,12.35,29.25,296.13,24,6,5.2
450,Cuamba,MZ,2021-12-05 21:16:09,-14.8031,36.5372,299.52,40,94,3.55
451,Ponta Do Sol,PT,2021-12-05 21:13:05,32.6667,-17.1,292.5,75,43,3.7
452,Truro,GB,2021-12-05 21:15:37,50.2653,-5.0544,280.75,76,75,3.09
453,Kouroussa,GN,2021-12-05 21:16:10,10.65,-9.8833,298.39,21,4,1.1
454,Biu,NG,2021-12-05 21:16:10,10.6129,12.1946,296.62,24,42,3.79
455,Marsa Matruh,EG,2021-12-05 21:16:10,31.3525,27.2453,291.42,72,96,5.92
456,Novyy Urgal,RU,2021-12-05 21:16:11,51.0736,132.5642,257.31,98,100,0.64
457,Saint Paul,US,2021-12-05 21:11:58,44.9444,-93.0933,278.02,72,90,0.89
458,Acarau,BR,2021-12-05 21:16:11,-2.8856,-40.12,300.73,79,11,8.54
459,Carndonagh,IE,2021-12-05 21:16:12,55.25,-7.2667,277.94,87,100,3.52
460,Bodden Town,KY,2021-12-05 21:16:12,19.2833,-81.25,303.15,80,40,2.68
461,Manakara,MG,2021-12-05 21:16:12,-22.1333,48.0167,297.0,92,1,3.25
462,Areosa,PT,2021-12-05 21:16:12,41.7178,-8.8571,285.55,87,69,5.59
463,Contai,IN,2021-12-05 21:16:13,21.7786,87.7536,294.99,97,100,5.06
464,Taos,US,2021-12-05 21:16:13,36.4072,-105.5731,287.7,26,1,2.68
465,Marica,BR,2021-12-05 21:16:13,-22.9194,-42.8186,301.24,87,31,6.82
466,Vikulovo,RU,2021-12-05 21:16:13,56.8167,70.6107,272.42,95,100,3.89
467,Ejido,VE,2021-12-05 21:16:14,8.5514,-71.2375,297.14,72,99,1.62
468,Sao Felix Do Xingu,BR,2021-12-05 21:16:14,-6.6447,-51.995,298.19,88,94,0.5
469,Conceicao Do Araguaia,BR,2021-12-05 21:16:14,-8.2578,-49.2647,299.58,82,99,1.87
470,Ghanzi,BW,2021-12-05 21:16:14,-21.5667,21.7833,295.95,59,59,7.34
471,Olafsvik,IS,2021-12-05 21:15:26,64.8945,-23.7142,278.33,90,100,1.09
472,Katsuura,JP,2021-12-05 21:16:15,35.1333,140.3,281.54,73,99,5.23
473,Springbok,ZA,2021-12-05 21:16:15,-29.6643,17.8865,285.64,82,96,3.05
474,Rolla,US,2021-12-05 21:16:16,37.9514,-91.7713,295.23,45,1,4.02
475,Shingu,JP,2021-12-05 21:16:16,33.7333,135.9833,284.21,89,98,2.42
476,Zhoucheng,CN,2021-12-05 21:16:16,35.9122,116.3117,277.12,61,62,1.87
477,Tigil,RU,2021-12-05 21:16:17,57.8,158.6667,267.25,91,100,8.9
478,Paso De Carrasco,UY,2021-12-05 21:16:17,-34.8603,-56.0522,293.68,80,75,6.17
479,Mount Gambier,AU,2021-12-05 21:16:17,-37.8333,140.7667,285.46,65,97,2.23
480,Chuka,KE,2021-12-05 21:16:17,-0.3332,37.6459,288.15,93,86,1.91
481,Nova Olimpia,BR,2021-12-05 21:13:38,-14.7972,-57.2881,301.54,83,99,0.53
482,Qaqortoq,GL,2021-12-05 21:15:19,60.7167,-46.0333,270.43,85,100,12.31
483,Evensk,RU,2021-12-05 21:16:18,61.95,159.2333,247.0,81,20,3.27
484,Qandala,SO,2021-12-05 21:14:03,11.472,49.8728,297.1,68,9,2.58
485,Chake Chake,TZ,2021-12-05 21:16:18,-5.2459,39.7666,298.55,82,98,2.67
486,Usinsk,RU,2021-12-05 21:16:19,65.9939,57.5281,254.51,98,95,3.24
487,Pecos,US,2021-12-05 21:13:04,31.4229,-103.4932,299.29,19,1,0.0
488,Westport,US,2021-12-05 21:16:19,41.1415,-73.3579,281.69,55,1,0.89
489,Yulara,AU,2021-12-05 21:16:19,-25.2406,130.9889,291.06,77,0,3.09
490,Port Moresby,PG,2021-12-05 21:16:19,-9.4431,147.1797,298.08,85,100,1.9
491,Lipany,SK,2021-12-05 21:16:20,49.1538,20.9638,274.7,98,100,0.21
492,Wonthaggi,AU,2021-12-05 21:16:20,-38.6044,145.5913,293.36,72,98,2.53
493,Sao Miguel Do Araguaia,BR,2021-12-05 21:16:20,-13.275,-50.1628,298.61,86,79,1.82
494,Mangai,CD,2021-12-05 21:16:21,-4.05,19.5333,294.38,99,100,1.09
495,Sangar,RU,2021-12-05 21:16:21,63.9242,127.4739,248.09,93,100,3.72
496,Palmer,US,2021-12-05 21:16:21,42.1584,-72.3287,278.94,50,75,2.06
497,Barma,SL,2021-12-05 21:16:22,8.35,-11.3333,297.21,85,36,1.13
498,Slave Lake,CA,2021-12-05 21:16:22,55.2834,-114.769,256.14,60,1,5.14
499,Doka,SD,2021-12-05 21:16:22,13.5167,35.7667,299.0,26,0,4.51
500,Braila,RO,2021-12-05 21:16:23,45.2667,27.9833,278.46,93,92,1.48
501,Kropotkin,RU,2021-12-05 21:16:23,45.4375,40.5756,278.96,94,98,1.78
502,Sehithwa,BW,2021-12-05 21:16:24,-20.4667,22.7167,295.74,68,100,2.03
503,Flin Flon,CA,2021-12-05 21:16:24,54.7682,-101.865,251.06,59,20,3.09
504,Mugur-Aksy,RU,2021-12-05 21:16:24,50.35,90.5,260.07,50,99,2.9
505,Kupino,RU,2021-12-05 21:16:24,54.3663,77.2981,268.89,93,87,4.31
506,Sokolka,PL,2021-12-05 21:16:25,53.4072,23.5023,271.29,93,100,3.39
507,Deputatskiy,RU,2021-12-05 21:16:25,69.3,139.9,242.16,97,100,1.23
508,Puerto Baquerizo Moreno,EC,2021-12-05 21:16:25,-0.9,-89.6,295.7,78,75,4.12
509,San Marcos,US,2021-12-05 21:14:09,33.1434,-117.1661,299.94,65,1,0.45
510,Iralaya,HN,2021-12-05 21:16:25,15.0,-83.2333,302.2,78,16,3.95
511,Torit,SS,2021-12-05 21:16:26,4.4133,32.5678,298.91,46,69,1.93
512,Stromness,GB,2021-12-05 21:16:26,58.965,-3.296,277.29,54,70,4.2
513,Salaya,IN,2021-12-05 21:16:26,22.3167,69.6,296.45,53,0,4.7
514,Naryan-Mar,RU,2021-12-05 21:16:27,67.6713,53.087,267.34,92,100,7.15
515,Sturgeon Bay,US,2021-12-05 21:11:47,44.8342,-87.377,273.76,93,90,6.69
516,Keningau,MY,2021-12-05 21:16:27,5.3378,116.1602,295.4,99,100,0.6
517,Tibacuy,CO,2021-12-05 21:16:27,4.3511,-72.4564,305.95,45,91,4.84
518,Ribeira Brava,PT,2021-12-05 21:16:28,32.65,-17.0667,292.5,76,40,4.24
519,Northam,GB,2021-12-05 21:16:28,51.0333,-4.2167,278.41,71,71,4.15
520,Pionerskiy,RU,2021-12-05 21:16:28,54.9508,20.2275,271.06,84,100,9.28
521,Lashio,MM,2021-12-05 21:16:29,22.9333,97.75,286.51,94,11,0.54
522,Guilin,CN,2021-12-05 21:16:29,25.2819,110.2864,277.21,64,0,1.66
523,Veraval,IN,2021-12-05 21:16:29,20.9,70.3667,295.96,60,0,5.02
524,Bonavista,CA,2021-12-05 21:16:29,48.6499,-53.1147,274.88,59,92,5.93
525,Strelka,RU,2021-12-05 21:16:30,58.0728,93.0344,270.88,96,100,4.67
526,Vila Franca Do Campo,PT,2021-12-05 21:16:30,37.7167,-25.4333,291.04,83,41,1.56
527,Shitanjing,CN,2021-12-05 21:16:30,39.2342,106.3439,270.8,38,2,2.01
528,Beloha,MG,2021-12-05 21:16:30,-25.1667,45.05,296.35,87,0,2.48
529,Delmas,HT,2021-12-05 21:16:31,18.5447,-72.3028,304.55,43,20,7.2
530,Satun,TH,2021-12-05 21:16:31,6.8333,100.0,297.99,91,42,1.55
531,Nedryhayliv,UA,2021-12-05 21:16:31,50.834,33.8763,272.07,70,100,3.2
532,Cap Malheureux,MU,2021-12-05 21:16:32,-19.9842,57.6142,298.97,67,5,2.24
533,Acapulco,MX,2021-12-05 21:13:30,16.8634,-99.8901,303.05,74,1,4.12
534,Myitkyina,MM,2021-12-05 21:16:32,25.3833,97.4,289.44,82,39,0.93
535,Harper,LR,2021-12-05 21:16:33,4.375,-7.7169,300.2,80,9,3.73
536,Alexandria,EG,2021-12-05 21:16:31,31.2156,29.9553,292.44,65,75,3.77
537,Danielskuil,ZA,2021-12-05 21:16:33,-28.1887,23.5395,288.82,43,3,2.85
538,Tabas,IR,2021-12-05 21:16:33,33.5959,56.9244,284.1,32,89,1.23
539,Pandan,PH,2021-12-05 21:16:34,14.0453,124.1694,297.81,82,94,6.88
540,Bojnurd,IR,2021-12-05 21:16:34,37.4747,57.329,275.12,75,0,0.0
541,Antofagasta,CL,2021-12-05 21:12:13,-23.65,-70.4,291.75,66,32,3.35
542,Buchanan,LR,2021-12-05 21:16:34,5.8808,-10.0467,297.13,82,75,3.18
543,Kargasok,RU,2021-12-05 21:16:35,59.0556,80.8572,272.63,98,100,4.66
544,Pemangkat,ID,2021-12-05 21:16:35,1.1667,108.9667,299.5,81,100,4.78
545,Losal,IN,2021-12-05 21:16:35,27.4,74.9167,290.04,68,27,2.08
546,Longyearbyen,SJ,2021-12-05 21:15:23,78.2186,15.6401,262.06,79,75,6.17
547,Skole,UA,2021-12-05 21:16:36,49.0372,23.5135,274.15,95,100,0.74
548,Bay Saint Louis,US,2021-12-05 21:12:48,30.3088,-89.33,297.77,78,75,7.2
549,Ucluelet,CA,2021-12-05 21:13:30,48.9329,-125.5528,278.2,76,100,2.54
550,Saint-Paul,RE,2021-12-05 21:16:36,-21.0096,55.2707,298.2,81,29,1.36
551,Karratha,AU,2021-12-05 21:16:36,-20.7377,116.8463,302.06,35,20,6.11
552,Toamasina,MG,2021-12-05 21:16:36,-18.1667,49.3833,298.14,77,41,1.28
553,Saskylakh,RU,2021-12-05 21:16:37,71.9167,114.0833,241.18,96,100,2.02
554,Gornozavodsk,RU,2021-12-05 21:16:37,58.3758,58.3211,255.94,97,95,2.25
555,Kuvandyk,RU,2021-12-05 21:16:37,51.4781,57.3552,272.15,91,100,2.36
556,Altamirano,MX,2021-12-05 21:16:38,16.8833,-92.15,294.46,46,0,2.13
557,Parkersburg,US,2021-12-05 21:15:12,39.2667,-81.5615,289.89,50,75,1.79
558,Syracuse,IT,2021-12-05 21:16:38,37.0881,15.2792,286.18,70,22,5.37
559,Falun,SE,2021-12-05 21:16:38,60.6036,15.626,263.51,89,67,1.75
560,Mayumba,GA,2021-12-05 21:16:39,-3.432,10.6554,299.11,91,99,0.97
561,Payo,ID,2021-12-05 21:16:39,-3.7508,103.6372,295.48,99,100,1.2
562,Sarny,UA,2021-12-05 21:16:39,51.338,26.6019,271.39,95,100,2.41
563,Sirsaganj,IN,2021-12-05 21:16:40,27.05,78.7,293.59,49,94,2.35
564,Llanelli,GB,2021-12-05 21:16:40,51.682,-4.1619,279.91,84,20,2.06
565,Nouadhibou,MR,2021-12-05 21:16:40,20.931,-17.0347,294.14,52,14,4.63
566,Ustka,PL,2021-12-05 21:16:41,54.5805,16.8619,274.35,83,99,8.43
567,Linhares,BR,2021-12-05 21:16:41,-19.3911,-40.0722,296.22,90,34,2.54
568,Plouzane,FR,2021-12-05 21:16:41,48.3833,-4.6167,280.25,73,75,4.12
569,Santa Fe,AR,2021-12-05 21:16:42,-31.6333,-60.7,301.49,53,91,1.79
570,Buala,SB,2021-12-05 21:16:42,-8.145,159.5921,300.21,85,100,4.02
571,Roura,GF,2021-12-05 21:16:42,4.7263,-52.3274,300.35,89,75,3.09
572,Omboue,GA,2021-12-05 21:16:42,-1.5746,9.2618,299.08,88,100,2.86
573,Porto Santo,PT,2021-12-05 21:16:43,33.072,-16.3415,292.1,63,40,5.66
574,Tungor,RU,2021-12-05 21:16:43,53.3808,142.9564,260.69,90,80,3.55
575,La Rioja,ES,2021-12-05 21:16:43,42.25,-2.5,275.64,98,100,3.21
576,Finnsnes,NO,2021-12-05 21:16:44,69.2296,17.9811,265.13,87,9,1.82
577,Azul,AR,2021-12-05 21:16:44,-36.777,-59.8585,294.03,59,82,2.79
578,Baoro,CF,2021-12-05 21:16:44,5.6667,15.9667,297.62,40,100,1.48
